Model,Accuracy,MCC
Neural Network (PyTorch),0.6327222222222222,0.5870393388172929
