Model,Accuracy,MCC
XGBoost,0.9191666666666667,0.9091066318775977
