Model,Accuracy,MCC
Random Forest,0.8886111111111111,0.8748338507411485
