Model,Accuracy,MCC
Random Forest,0.8886111111111111,0.8748338507411485
Logistic Regression,0.8400555555555556,0.8202643546314747
XGBoost,0.9191666666666667,0.9091066318775977
