Model,Accuracy,MCC
Logistic Regression,0.8400555555555556,0.8202643546314747
